n,E(z) mean,E(z) median,E(z) z_R,E(z) z_Q,E(z) z_tr,D(z) mean,D(z) median,D(z) z_R,D(z) z_Q,D(z) z_tr
10,-0.03018137471942383,-0.01489192137425287,-0.08144187508629971,-0.017151818361396218,-0.024400137520456985,0.22463098164782755,0.16535171026508524,1.1268665397115096,0.17917166691885764,0.39938464628750636
100,-0.004448396775966512,-0.0059966023441301,0.010338734734499118,-0.006226368136836427,0.0001329234924100815,0.024810934718991033,0.018347453433823144,1.4823938096367772,0.01910054746091186,0.04460556410972788
1000,0.000828865041114803,-7.750530560469793e-05,-0.02235485016898777,0.0009719924587151327,0.002169782624697349,0.0026524872069298164,0.0019234810051696294,0.6737620163165785,0.0019448932673250547,0.005117889775181593
