n,mean_min,mean_max,dev_min,dev_max
20,0.12033451514000809,1.0541758287962621,0.2658518893299602,0.331834859975185
100,0.27443270759054683,0.6716396408875163,0.2602942754923587,0.3151272764078206
